,Cultivar ID,Sequences,Subpopulation,PlantHeight,Yield
0,C001,GCTTTTCCC,Indica I,144.13,24.13
1,C002,GCCTTTCCC,VI/Aromatic,177.62,15.18
2,C003,GCTGTACTT,Japonica Intermediate,141.57,24.54
3,C004,GCTGAACTC,Temperate Japonica,140.4,18.82
4,C005,GCTTAATTC,Tropical Japonica,163.33,22.5
5,C006,GCTTTATTT,Indica Intermediate,108.23,13.96
6,C007,GCTTTATTT,Indica Intermediate,107.97,20.44
7,C008,GCTGTATTC,Indica Intermediate,87.47,6.03
8,C009,GCTGTATTT,Indica Intermediate,106.8,29.62
9,C010,GCTGTACTT,Tropical Japonica,106.7,21.36
10,C011,GCTGTATTT,Indica II,100.43,24.11
11,C012,ACTGAACTT,Temperate Japonica,114.1,22.97
12,C013,GCCTTTCTC,Aus,150.43,25.71
13,C014,ACTGTATTT,Japonica Intermediate,82.43,22.39
14,C015,GCCTTTCCC,Aus,152.2,23.25
15,C016,GCTGTACCT,Temperate Japonica,77.73,12.43
16,C017,ACTGTACTT,Temperate Japonica,92.67,8.94
17,C018,ACTGTACTT,Temperate Japonica,78.27,14.89
18,C019,GCTTTATTT,Indica I,80.25,14.97
19,C020,GCTTTATCT,Indica I,78.17,21.41
20,C021,GCTTTATCT,Indica I,80.83,24.08
21,C022,GCTGTATTT,Indica I,77.3,21.1
22,C023,GCTGTACTT,Temperate Japonica,89.39,27.13
23,C024,ACTTTATCT,Indica I,85.33,21.54
24,C025,GCTGTATTT,Indica Intermediate,82.83,25.69
25,C026,ACTGTACTT,Temperate Japonica,104.7,25.89
26,C027,GCTGTATTC,Indica Intermediate,100.47,27.54
27,C028,ACTGTACTT,Temperate Japonica,86.97,25.84
28,C029,ACTGTACTT,Japonica Intermediate,94.0,19.0
29,C030,GCTTTATTT,Indica Intermediate,99.57,33.03
30,C031,GCTTTATTT,Indica Intermediate,96.27,28.48
31,C032,ACTGTACTT,Temperate Japonica,107.8,22.01
32,C033,GCTTTATCT,Indica I,132.04,25.18
33,C034,GCTGTACTT,Temperate Japonica,110.5,30.28
34,C035,ACTGTACTT,Temperate Japonica,102.58,15.55
35,C036,GCTTTTTCT,Indica Intermediate,95.07,28.86
36,C037,GCTTTATTT,Indica I,105.33,27.65
37,C038,GCTTTATTT,Indica Intermediate,101.33,20.55
38,C039,GCTTTATCT,Indica I,109.43,30.07
39,C040,GCTGTATCT,Indica I,102.46,25.01
40,C041,GCTTTATTC,Indica I,113.1,26.12
41,C042,GCTGTATTT,Indica Intermediate,103.67,27.47
42,C043,GCTGTATTT,Indica I,106.33,22.34
43,C044,GCTTTATTT,Indica Intermediate,104.33,20.22
44,C045,GCTGTATTC,Indica Intermediate,106.23,27.6
45,C046,GCTTTATTT,Indica Intermediate,172.37,28.5
46,C047,GCCTTTTTT,Indica I,97.53,22.12
47,C048,ACTGTACTT,Temperate Japonica,97.33,25.65
48,C049,GCTGTATTT,Indica Intermediate,103.13,16.2
49,C050,GCTGTATTT,Indica II,108.81,23.95
50,C051,ACTGTATTT,Intermediate,99.9,24.56
51,C052,ACTGTACTC,Temperate Japonica,107.0,23.61
52,C053,GCTGTATTT,Indica Intermediate,116.63,27.49
53,C054,GCTGTACTT,Temperate Japonica,97.9,24.28
54,C055,GCCTTATTT,Indica I,119.03,21.49
55,C056,GCTGTACCT,Temperate Japonica,99.03,16.88
56,C057,ACTGTACTT,Japonica Intermediate,123.63,18.28
57,C058,GCTTTATCT,Indica I,103.7,16.26
58,C059,GCTTTATCT,Indica I,113.43,24.25
59,C060,GCTTTATCC,Indica I,114.73,25.52
60,C061,GCTGTATTT,Indica II,109.37,25.1
61,C062,GCTGTATTT,Indica I,105.5,14.31
62,C063,ACTGAACCC,Temperate Japonica,115.54,42.22
63,C064,ACTGTACTT,Temperate Japonica,103.3,23.28
64,C065,GCTGTATTT,Indica Intermediate,109.07,27.86
65,C066,GCTGTTTTC,Indica I,120.27,22.28
66,C067,GCTGTACTC,Temperate Japonica,117.93,25.99
67,C068,GCTGTATTT,Indica II,109.6,31.13
68,C069,GCTGTATTT,Indica II,115.8,27.13
69,C070,GCTGAACTT,Temperate Japonica,97.8,16.79
70,C071,GCTGTACTC,Temperate Japonica,128.2,26.85
71,C072,GCTTTTTTT,Indica I,158.07,28.47
72,C073,GCCTTTTTC,Indica I,167.83,15.67
73,C074,GCTGTACTC,Temperate Japonica,143.65,17.51
74,C075,GCTGTACTC,Temperate Japonica,131.3,28.7
75,C076,GCCTTATCC,Indica I,127.36,18.58
76,C077,GCCTTATCC,Indica I,149.8,14.78
77,C078,GCTTTTTTC,Indica Intermediate,172.4,18.63
78,C079,GCTGAACTC,Temperate Japonica,143.32,20.06
79,C080,GCCTTTTTT,Indica I,170.53,23.69
80,C081,GCCTTATCC,Indica I,155.8,15.53
81,C082,GCTGTACTC,Temperate Japonica,156.46,29.72
82,C083,GCTGAATCT,Temperate Japonica,174.7,20.45
83,C084,GCTGTACCC,Japonica Intermediate,157.62,9.1
84,C085,GCTGTACCC,Japonica Intermediate,147.1,18.64
85,C086,GCCTTACTC,Aus,147.17,8.53
86,C087,GCTTAACTT,Temperate Japonica,141.27,16.44
87,C088,GCCTTTTTC,Indica I,135.4,15.18
88,C089,GCTGTACTT,Temperate Japonica,142.43,15.23
89,C090,GCCTTATTT,Indica Intermediate,177.29,31.86
90,C091,GCTTTATTC,Indica I,170.07,18.66
91,C092,GCTTTATTC,Indica I,168.47,18.02
92,C093,GCTGAACTC,Temperate Japonica,164.73,10.24
93,C094,GTTGTATTC,Indica Intermediate,154.87,12.4
94,C095,GCCGTTTTC,Indica I,163.37,12.28
95,C096,GCCTTTTTC,Indica Intermediate,166.4,12.05
96,C097,GCCTTTTTT,Indica Intermediate,172.2,13.57
97,C098,GCCTTACTC,Indica Intermediate,178.27,15.41
98,C099,GCTGTTTTC,Indica Intermediate,176.8,18.19
99,C100,GCCTTTTTC,Indica Intermediate,166.45,12.15
100,C101,GCTGAACCC,Temperate Japonica,192.07,15.45
101,C102,GCCGTATTT,Indica Intermediate,150.67,16.6
102,C103,GCTGAACTC,Temperate Japonica,202.07,17.56
103,C104,GCCTTTTTT,Indica I,179.14,13.31
104,C105,GCTTTATTT,Indica Intermediate,170.17,15.0
105,C106,GCTGAACCC,Temperate Japonica,191.0,12.18
106,C107,GCTTTTTTT,Indica III,193.67,20.04
107,C108,GCCTTTTTT,Indica I,156.8,16.56
108,C109,GCCTTTTTT,Indica I,162.1,8.97
109,C110,GCCTTATTC,Indica I,159.33,20.66
110,C111,GCTGAACCC,Temperate Japonica,206.13,4.41
111,C112,GCTTTATTT,Indica I,77.43,18.27
112,C113,GCTTTATTT,Indica Intermediate,73.77,12.22
113,C114,ACTTTATCT,Indica Intermediate,86.87,22.13
114,C115,GCTGTATTT,Indica II,80.4,23.74
115,C116,ACTGTACTT,Temperate Japonica,87.03,27.4
116,C117,GCTTTATTT,Indica Intermediate,110.43,27.28
117,C118,GCTGTACTT,Indica II,88.27,23.85
118,C119,ACTGTATTT,Temperate Japonica,86.17,17.49
119,C120,ACTGAACCT,Temperate Japonica,97.63,18.72
120,C121,GCTTTTTCT,Indica Intermediate,150.67,37.33
121,C122,GCTTTATCT,Indica I,118.1,38.68
122,C123,GCTGAACTT,Tropical Japonica,118.83,40.51
123,C124,GCTTTACTT,Indica Intermediate,110.27,19.71
124,C125,GCCGTATTC,Indica I,145.65,14.01
125,C127,GCTTTATTC,Indica I,152.54,28.27
126,C128,GCTTTTTCC,Indica I,158.23,37.31
127,C129,GCCTTTTTC,Indica Intermediate,166.87,38.8
128,C130,GCTGAACTC,Temperate Japonica,155.4,13.15
129,C131,GCTTTATTC,Indica I,165.07,21.29
130,C132,GCCTTATTT,Indica Intermediate,169.67,13.14
131,C133,GCTGAACTC,Temperate Japonica,170.8,23.19
132,C134,GCTTAACCC,Temperate Japonica,172.46,11.19
133,C135,GCCTTTTTC,Indica I,136.39,17.25
134,C136,GCCTTTTTC,Indica I,182.14,21.26
135,C137,GCTGAACCC,Temperate Japonica,170.0,16.62
136,C138,GCTGTACTC,Temperate Japonica,190.9,13.9
137,C139,GCTTTTCTC,Indica I,185.33,17.37
138,C140,GCCTTATTC,Indica I,164.4,10.51
139,C141,GCCTTTTTC,Indica I,190.93,21.38
140,C142,GCTTTTTTT,Indica III,198.57,18.58
141,C143,GCCGTATTC,Indica I,170.36,6.52
142,C144,GCTTAACCC,Temperate Japonica,206.73,11.16
143,C145,ACTTTATCT,Indica I,92.33,27.41
144,C146,ACTGTACTT,Temperate Japonica,74.7,20.77
145,C147,GCTGTATTT,Indica II,108.1,27.15
146,C148,GCTGTATTT,Indica II,117.2,26.72
147,C149,ACTGAACCT,Temperate Japonica,102.47,27.48
148,C150,ACTGTACTT,Temperate Japonica,90.32,18.31
149,C151,GCTTTATTT,Indica I,107.73,24.3
150,C152,ACTGTACTT,Temperate Japonica,100.0,18.94
151,C153,GCTGAATTT,Tropical Japonica,105.07,35.52
152,C154,ACTGTACTT,Temperate Japonica,77.43,8.95
153,C155,GCTTTATCT,Indica I,69.47,17.93
154,C156,GCTTTATCT,Indica I,73.13,15.13
155,C157,GCTGTATCT,Indica I,75.1,11.06
156,C158,GCTTTATCT,Indica I,85.17,26.08
157,C159,GCTTTATCT,Indica I,95.8,32.72
158,C160,GCTTTATTT,Indica Intermediate,83.68,21.27
159,C161,GCTTTATCT,Indica I,93.5,25.21
160,C162,GCTTTTTTT,Indica Intermediate,97.77,12.92
161,C163,GCTGTATTT,Indica II,104.17,16.16
162,C164,GCTGTATTT,Indica II,95.53,23.03
163,C165,GCTTTATTT,Indica I,96.03,20.14
164,C166,GCTGTATTT,Indica Intermediate,94.73,20.12
165,C167,GCTTTATTT,Indica Intermediate,108.23,18.49
166,C168,GCTGTATTT,Indica Intermediate,104.87,29.36
167,C169,GCTTTATTT,Indica Intermediate,118.07,30.26
168,C170,GCTTTATTT,Indica I,94.87,22.92
169,C171,GCTGTACTC,Temperate Japonica,140.61,22.73
170,C172,ACTGAACCT,Temperate Japonica,102.37,24.85
171,C173,GCTTTTTTC,Indica I,114.4,19.72
172,C174,GCTGTATTT,Indica II,111.43,27.65
173,C175,GCTTTTTTT,Indica Intermediate,111.2,27.96
174,C176,GCTTTATTC,Indica Intermediate,97.67,16.33
175,C177,ACTGTACTT,Temperate Japonica,112.87,13.13
176,C178,GCTGTATTT,Indica I,107.67,23.51
177,C179,GCTGTACTC,Temperate Japonica,133.53,18.55
178,C180,GCTTTTTCC,Indica I,147.15,19.29
179,C181,GCTGTACTT,Temperate Japonica,137.9,16.84
180,C182,GCCTTATTC,Indica I,161.2,15.27
181,C183,GCTTTTTCC,Indica I,160.57,13.52
182,C184,GCCTTATCC,Indica I,156.17,16.07
183,C185,ACTGTACTC,Japonica Intermediate,145.0,9.56
184,C186,GCTGTACTC,Japonica Intermediate,180.0,28.61
185,C187,GCTGTACTT,Temperate Japonica,144.47,14.5
186,C188,GCTGTACTT,Temperate Japonica,137.8,12.13
187,C189,GCTGAACTT,Temperate Japonica,162.36,17.58
188,C190,GCCTTTTTC,Indica I,160.9,22.79
189,C191,GCTTTATTC,Indica I,171.27,28.88
190,C192,GCTTTTTTT,Indica Intermediate,185.07,11.77
191,C193,GCTTTTTCC,Indica I,158.4,22.5
192,C194,GCCTTTTTT,Indica Intermediate,173.4,11.93
193,C195,GCTGTACTT,Temperate Japonica,171.79,8.72
194,C196,GCTGAACTC,Temperate Japonica,193.0,16.74
195,C197,GCCTTATTT,Indica I,175.77,11.31
196,C198,GCCTTTTTC,Indica Intermediate,173.77,21.4
197,C199,GCCTTTTTC,Indica I,187.53,21.81
198,C200,GCCTTTTTC,Indica I,189.1,15.08
199,C201,GCCTTTTTC,Indica Intermediate,194.93,24.53
200,C202,GCCTTTTCC,Indica I,176.33,16.82
201,C203,GCTTTACTT,Indica I,77.33,13.12
202,W001,GCCTTATCC,Indica I,146.4,22.49
203,W002,GCTTAATTC,Tropical Japonica,157.4,11.12
204,W003,ACTGAACTC,Tropical Japonica,140.4,23.73
205,W004,GCTTAATTC,Tropical Japonica,158.2,26.55
206,W005,GCTGAATTT,Tropical Japonica,133.8,30.8
207,W006,GCTGAATTT,Tropical Japonica,149.8,33.06
208,W007,GCTGAATTC,Tropical Japonica,150.8,26.76
209,W008,GCTGAATTT,Tropical Japonica,147.0,29.29
210,W009,GCCTTTTTT,Indica III,193.8,30.1
211,W010,ACTGTACTT,Japonica Intermediate,135.0,25.72
212,W011,GCTGAACTT,Temperate Japonica,116.8,30.85
213,W012,ACTGTACTT,Temperate Japonica,100.8,11.32
214,W013,ACTGTACTT,Temperate Japonica,98.6,31.51
215,W014,GCCGTTCCT,VI/Aromatic,158.0,29.41
216,W015,GCCTTTCTC,Aus,157.8,71.1
217,W016,ACTGTACTT,Temperate Japonica,78.8,6.03
218,W017,GCTGAATTT,Tropical Japonica,126.2,24.03
219,W018,GCTGTACTT,Temperate Japonica,93.4,13.23
220,W019,GCTGTACTT,Japonica Intermediate,124.8,31.73
221,W020,GCCGTTTCC,Aus,136.6,30.08
222,W021,ACTGTACTC,Japonica Intermediate,142.4,29.0
223,W022,GCTGAATTT,Tropical Japonica,146.0,50.38
224,W023,GCCGTTTTT,Indica III,165.8,42.76
225,W024,GCTGAATTT,Tropical Japonica,139.8,20.07
226,W025,GCCTTTCTC,Aus,154.2,29.24
227,W026,GCCGTTTTC,Indica I,160.6,46.69
228,W027,ACTGTACTT,Temperate Japonica,116.8,15.93
229,W028,GTCGTTCTC,Aus,164.2,29.82
230,W029,GCTTTATCC,Indica Intermediate,147.8,33.16
231,W030,GCCGTACTT,Indica Intermediate,172.6,42.82
232,W031,GCCTTTTTC,Indica I,159.6,38.67
233,W032,GCCTTTTTC,Indica I,159.6,38.75
234,W033,GCTGTTTTC,Indica I,155.0,25.69
235,W034,GCCTTTCTC,Aus,165.8,38.19
236,W035,GCCTTACTC,Indica Intermediate,196.2,28.86
237,W036,GCCGTTTTC,Indica I,157.8,52.97
238,W037,GCCGTTCTC,Indica Intermediate,173.8,26.79
239,W038,GCTGTACTT,Temperate Japonica,138.0,43.57
240,W039,GCCTTTTTC,Indica I,152.0,48.93
241,W040,GCTTTATTT,Indica II,108.4,37.75
242,W041,GCTGAACTT,Tropical Japonica,169.4,22.38
243,W042,GCCTTTCTC,Indica Intermediate,185.4,36.42
244,W043,GCTTTATTT,Indica Intermediate,105.4,41.84
245,W044,GCTGTATTT,Indica II,98.8,30.48
246,W045,GCTGTACTT,Temperate Japonica,98.0,18.94
247,W046,GCTTTATTT,Indica II,96.0,34.03
248,W047,GCCTTACCT,Japonica Intermediate,203.2,18.86
249,W048,GCCGTTCCC,Aus,190.2,30.36
250,W049,GCCGTACTC,Aus,163.8,25.26
251,W050,GCTGTACCC,VI/Aromatic,174.8,32.39
252,W051,GCTGTATTT,Indica II,107.4,41.35
253,W052,ACTGTACTT,Temperate Japonica,98.6,22.37
254,W053,GCTGAATTT,Tropical Japonica,152.6,23.21
255,W054,GCCTTTTTT,Indica Intermediate,190.2,39.47
256,W055,GCTGAACTT,Intermediate,171.4,23.26
257,W056,GCTGAACTT,Temperate Japonica,129.0,32.73
258,W057,GCTGAATTT,Tropical Japonica,182.2,33.1
259,W058,GCTTTATTT,Indica I,150.6,54.37
260,W059,GCTGTACTT,Temperate Japonica,115.8,28.65
261,W060,ACTGAACTT,Temperate Japonica,119.4,23.06
262,W061,ACTGTACTT,Japonica Intermediate,121.8,29.27
263,W062,GCTGTACTT,Tropical Japonica,153.4,41.03
264,W063,ACTGTACTT,Japonica Intermediate,114.2,25.25
265,W064,GCTGTACTT,Temperate Japonica,106.2,13.13
266,W065,GCTGAATTT,Tropical Japonica,149.4,35.81
267,W066,GCCGTTTTT,Indica Intermediate,102.2,28.08
268,W067,GCTGAATTT,Tropical Japonica,152.6,33.79
269,W068,GCTTTACTT,Temperate Japonica,139.8,26.34
270,W069,GCCGTTCTC,Aus,146.4,34.34
271,W070,GCTGTACTT,Indica Intermediate,160.4,56.93
272,W071,GCCGTATTT,Indica Intermediate,104.6,32.24
273,W072,GCCTTTCTC,Aus,154.0,30.61
274,W073,GCTTTATTC,Indica II,98.8,31.0
275,W074,GCCTTATTC,Indica Intermediate,162.2,36.26
276,W075,GCCTTACTC,Indica Intermediate,186.2,49.48
277,W076,GCCGTTCTC,Aus,155.0,35.3
278,W077,GCCTTTCCC,VI/Aromatic,182.4,36.33
279,W078,GCTGTATCT,Indica Intermediate,96.8,26.95
280,W079,GCCGTTTCT,Intermediate,147.6,32.29
281,W080,GCCTTATTT,Indica I,141.4,54.17
282,W081,GCCGTACCC,VI/Aromatic,130.2,19.74
283,W082,GCTGTACTC,Temperate Japonica,125.0,25.41
284,W083,GCTGTATTT,Indica Intermediate,116.4,32.77
285,W084,GCTTTTTTC,Indica Intermediate,114.4,27.97
286,W085,GCTGTATTC,Indica Intermediate,118.6,39.59
287,W086,GCTGTATTT,Indica II,103.4,33.73
288,W087,ACTGTATTT,Indica I,77.2,28.51
289,W088,ACTGTACTT,Temperate Japonica,70.6,19.23
290,W089,GCCGTTTTT,Indica III,136.4,43.14
291,W090,GCCGTTCTC,Aus,137.4,52.77
292,W091,GCCGTTCCC,Aus,148.2,33.09
293,W092,GCCGTTCTC,Aus,144.8,39.43
294,W093,GCCGTTTTT,Indica III,133.0,27.89
295,W094,GCCGTTCTC,Aus,141.8,29.83
296,W095,GCCGTTCCC,Aus,165.8,43.35
297,W096,GCCGTTCTC,Aus,165.2,38.39
298,W097,GCTGTACTC,Intermediate,137.0,27.6
299,W098,GCCGTTCTC,Aus,158.8,52.36
300,W099,GCCGTTCTC,Aus,149.0,39.03
301,W100,GCCGTTCTC,Aus,177.2,41.25
302,W101,GCTTTATTC,Indica Intermediate,149.8,43.36
303,W102,GCTGAACTC,Tropical Japonica,182.6,12.67
304,W103,GCCTTTCTC,Aus,111.4,26.82
305,W104,GCCGTTCTC,Aus,145.4,24.13
306,W105,GCCTTACTC,Aus,156.6,39.44
307,W106,GCCGTTCTT,Aus,169.4,29.99
308,W107,GCTGTTTTC,Indica Intermediate,163.2,27.58
309,W108,GCCGTTCTC,Aus,161.2,39.54
310,W109,ACTGTACTT,Temperate Japonica,99.4,10.06
311,W110,GCTTAATTC,Tropical Japonica,154.4,12.99
312,W111,GCCTTTTTT,Indica III,203.6,29.52
313,W112,GCTTTTCTT,Indica III,167.2,43.85
314,W113,GCTGAATTT,Tropical Japonica,141.0,31.41
315,W114,GCCGTATTC,Indica III,181.4,28.55
316,W115,GCCGTTCTC,Aus,153.4,40.41
317,W116,GCTTAACTT,Tropical Japonica,175.4,29.11
318,W117,ACTGTACTT,Temperate Japonica,98.6,16.21
319,W118,GCTGTATTT,Tropical Japonica,84.2,27.03
320,W119,ACTGAATTT,Tropical Japonica,95.4,21.24
321,W120,ACTGTATTT,Temperate Japonica,109.6,19.56
322,W121,GCCTTTCTC,Aus,177.6,41.53
323,W122,GCTGTACTC,Japonica Intermediate,169.8,25.77
324,W123,GCTGAATTT,Tropical Japonica,140.8,36.97
325,W124,GCCGTTTTC,Indica I,134.0,29.85
326,W125,ACTGTTCTT,Intermediate,152.0,25.54
327,W126,GCCTTTTTC,Indica I,157.6,59.9
328,W127,GCTGTACTC,Japonica Intermediate,142.6,29.53
329,W128,ACCGATCTT,Intermediate,149.8,46.26
330,W129,GCCTTACTC,VI/Aromatic,151.2,62.08
331,W130,ACTGTACTT,Temperate Japonica,92.6,22.98
332,W131,GCCGTTCTC,Aus,161.0,37.53
333,W132,GCTTTTTCC,Indica I,156.0,47.57
334,W133,GCTTTATTC,Indica Intermediate,157.8,37.09
335,W134,GCCGTACTC,Aus,150.0,49.84
336,W135,GCTTTACTC,Indica Intermediate,172.8,49.14
337,W136,GCCTTTCCC,VI/Aromatic,188.6,21.79
338,W137,GCCTTACTC,Indica Intermediate,125.6,34.35
339,W138,GCTTTATTT,Indica I,102.0,64.86
340,W139,GCTGTACTT,Temperate Japonica,96.4,20.34
341,W140,GCCTTTCTT,Aus,145.8,38.4
342,W141,GCCTTTCTC,Aus,151.6,37.55
343,W142,GCCGTTCTC,Aus,149.4,27.19
344,W143,GCTTAACCC,Japonica Intermediate,196.8,13.77
345,W144,GCCTTATTC,Indica I,168.4,39.58
346,W145,GCCTTACTT,Indica Intermediate,177.4,25.75
347,W146,GCCGTATTT,Indica I,127.4,64.45
348,W147,GCTGTTTTT,Indica Intermediate,117.6,65.87
349,W148,GCTTTTTTT,Indica Intermediate,168.4,53.04
350,W149,GCTTTATTT,Indica Intermediate,112.6,45.4
351,W150,GCTTTATTT,Indica II,104.6,36.18
352,W151,GCTTTATTT,Indica II,98.0,51.34
353,W152,GCTTTATTT,Indica II,110.0,47.87
354,W153,GCTGTATTT,Indica II,103.8,48.48
355,W154,GCTGTTTTT,Indica II,102.4,60.98
356,W155,ACTGTTTTT,Indica Intermediate,98.4,44.83
357,W156,GCTTTATTT,Indica I,99.2,40.36
358,W157,GCTGTATTT,Indica Intermediate,95.2,46.17
359,W158,ACTGTACTT,Intermediate,107.2,51.52
360,W159,GCTGTATTT,Indica II,95.2,48.61
361,W160,ACTGTACTT,Temperate Japonica,96.0,42.64
362,W161,GCTGTATTT,Indica II,102.0,49.92
363,W162,ACTGTACTT,Temperate Japonica,98.4,74.84
364,W163,GCTTTATTT,Indica Intermediate,91.4,78.87
365,W164,GCTTTATTT,Indica Intermediate,88.6,56.01
366,W165,GCTGTATTT,Indica Intermediate,103.8,52.53
367,W166,GCTGTATTT,Indica Intermediate,137.8,66.81
368,W167,GCTGTATTT,Indica Intermediate,135.2,45.93
369,W168,GCTGTATTT,Indica II,101.4,42.14
370,W169,GCTTTATTT,Indica II,93.6,47.84
371,W170,GCTTTATTT,Indica II,90.6,36.14
372,W171,GCTGTACTT,Indica Intermediate,96.8,36.34
373,W172,GCTGTTTTT,Indica II,100.2,40.94
374,W173,GCTGTACTT,Tropical Japonica,121.6,35.23
375,W174,GCTTTATTT,Indica II,84.0,41.87
376,W175,GCTTTACTT,Intermediate,101.0,32.07
377,W176,GCTGTATTT,Indica II,101.4,49.18
378,W177,GCTGTATTT,Indica II,100.0,39.95
379,W178,GCCGTATTT,Indica III,97.8,30.93
380,W179,GCTTTATTT,Indica II,93.8,38.47
381,W180,GCTTTATTT,Indica Intermediate,108.0,37.7
382,W181,GCTTTTTTT,Indica Intermediate,105.8,67.62
383,W182,GCTGTATTT,Indica II,101.2,50.03
384,W183,GCTTTATTT,Indica II,96.6,41.2
385,W184,GCTGTATTT,Indica II,98.0,45.16
386,W185,GCTTTATTT,Indica II,95.6,43.83
387,W186,GCTGTATTT,Indica Intermediate,98.2,-9.0
388,W187,GCTGTATTT,Indica Intermediate,105.2,-9.0
389,W188,GCTGTATTC,Indica II,102.0,51.46
390,W189,GCTTTATTT,Indica II,114.2,47.6
391,W191,GCTGTTTTC,Intermediate,121.0,29.17
392,W192,GCTGTTTTC,Intermediate,121.2,36.02
393,W193,ACTGAACTT,Temperate Japonica,121.4,43.01
394,W194,GCTGTTTTT,Indica II,108.8,53.24
395,W195,GCTGTATTT,Indica II,123.8,68.19
396,W197,GCTGTATTT,Indica II,112.8,64.98
397,W198,GCCTTATTC,Indica Intermediate,180.0,39.96
398,W199,GCTTTATTC,Indica Intermediate,125.2,48.37
399,W200,GCTTTATTT,Indica Intermediate,115.4,48.88
400,W201,GCTGTATTT,Indica Intermediate,108.2,51.03
401,W202,GCTGTATTT,Indica Intermediate,112.0,52.28
402,W203,GCCTTTTTT,Indica Intermediate,185.6,55.14
403,W204,GCCTTATTT,Indica I,154.2,50.0
404,W205,GCCTTATTT,Indica I,161.8,44.07
405,W206,GCTTTATTC,Indica Intermediate,112.0,32.66
406,W207,ACTGTACTT,Temperate Japonica,114.6,42.97
407,W208,GCTGAATTT,Temperate Japonica,119.6,45.72
408,W209,ACTGTACTT,Temperate Japonica,142.4,55.34
409,W210,GCCTTATCT,Indica I,166.4,92.66
410,W211,GCTGTATTT,Indica II,97.0,25.22
411,W212,GCCTTATTC,Indica Intermediate,159.6,66.98
412,W213,GCTGTATTT,Indica Intermediate,137.4,31.38
413,W214,GCCGTTCTC,Aus,153.8,40.57
414,W215,GCCTTTCTC,Aus,154.4,53.44
415,W216,GCTGTATTT,Indica II,113.8,47.57
416,W217,GCTGTATTT,Indica Intermediate,133.8,20.5
417,W218,GCTGTATTT,Indica Intermediate,133.6,22.26
418,W219,GCCGTTCCC,VI/Aromatic,161.0,35.0
419,W220,GCCTTTCCC,VI/Aromatic,172.0,42.36
420,W221,GCCGTATTT,Indica Intermediate,112.4,25.91
421,W222,GCTTTATTT,Indica II,115.6,55.67
422,W223,GCTTTATCT,Indica II,103.6,52.59
423,W224,GCTTTATTT,Indica II,116.0,45.4
424,W225,GCTGTATTT,Tropical Japonica,90.2,28.37
425,W226,ACTGTATTT,Temperate Japonica,93.2,34.59
426,W227,GCTGTATTT,Indica Intermediate,106.6,50.01
427,W228,GCTTTATTT,Indica II,115.0,41.88
428,W229,GCTTTATTT,Indica II,119.4,55.19
429,W230,GCTTTATTT,Indica II,-9.0,25.57
430,W231,GCTGTATTT,Indica II,117.0,40.06
431,W233,GCTTTATTT,Indica Intermediate,114.2,36.4
432,W234,GCTGTATTT,Indica Intermediate,112.8,43.17
433,W235,GTCTTTTTC,Indica I,148.4,56.42
434,W236,GCTTTATTT,Indica II,101.8,50.76
435,W237,GCTGTATTT,Indica II,115.8,72.55
436,W238,GCTGTATTT,Indica II,95.4,36.2
437,W239,GCTGTATTC,Indica Intermediate,109.8,54.41
438,W240,GCTTTACTT,Indica Intermediate,111.6,45.03
439,W241,GCCGTTTTT,Indica II,119.2,51.51
440,W242,GCTGTATTT,Indica Intermediate,106.2,44.32
441,W243,GCTGTATTT,Indica II,105.6,53.58
442,W244,GCTTTATTT,Indica II,102.4,38.07
443,W245,GCTTTATTT,Indica Intermediate,121.6,12.75
444,W246,GCTTTATTC,Indica Intermediate,151.0,51.53
445,W247,GCCTTATCT,Indica I,170.2,49.59
446,W248,GCTTTATTT,Indica I,145.4,34.34
447,W249,ACTGAACTT,Temperate Japonica,125.8,30.02
448,W250,ACTGAACTT,Temperate Japonica,123.2,25.87
449,W251,GCTGAATTT,Tropical Japonica,129.8,29.24
450,W252,GCCGTTCCC,VI/Aromatic,178.0,34.15
451,W253,GCTGAATTT,Tropical Japonica,146.2,43.12
452,W254,GCTGAATTT,Tropical Japonica,143.4,33.2
453,W255,GCCGTTCCC,VI/Aromatic,145.8,49.88
454,W256,GCCGTACCC,VI/Aromatic,160.0,28.73
455,W257,GCTGAATTT,Tropical Japonica,171.6,29.57
456,W258,GCCTTACCC,VI/Aromatic,158.4,33.53
457,W259,GCTTTATTT,Indica II,106.0,57.48
458,W260,GCTGTATTC,Tropical Japonica,134.0,32.8
459,W261,GCTTTTCCC,Intermediate,132.4,37.25
460,W262,GCTGTATTT,Indica I,83.8,42.45
461,W263,GCTTTATTT,Indica Intermediate,114.8,32.59
462,W264,GCTTTATTT,Indica Intermediate,91.4,44.62
463,W265,GCTTTATTT,Indica Intermediate,120.4,43.5
464,W266,GCTTTATTC,Indica III,132.6,-9.0
465,W267,GCTGTATTT,Indica Intermediate,114.4,49.72
466,W268,GCTTTATTT,Indica Intermediate,91.4,47.52
467,W269,GCTTTATTC,Indica Intermediate,96.0,53.08
468,W270,GCTTTATTC,Indica Intermediate,99.0,43.21
469,W271,GCTTTATTT,Indica Intermediate,95.8,48.11
470,W272,GCCTTTTTC,Indica Intermediate,155.6,49.72
471,W273,GCTGAATTC,Tropical Japonica,156.2,35.19
472,W274,GCTTTTTTT,Indica I,70.8,27.06
473,W275,GCTGAATTT,Tropical Japonica,148.2,28.65
474,W276,GCTTTATTT,Indica III,160.2,42.41
475,W277,GCCTTTCCC,Aus,142.0,32.52
476,W278,GCCGTTCCC,Aus,146.6,39.45
477,W279,GCCGTTCCC,Aus,166.6,43.34
478,W280,GCCTTTCTC,Aus,145.8,49.27
479,W281,GCTGTACTT,Temperate Japonica,150.0,23.82
480,W282,GCCGTATTC,Indica Intermediate,134.8,-9.0
481,W283,ACTGTACTT,Temperate Japonica,68.4,11.96
482,W284,GCTTAATTC,Tropical Japonica,135.4,19.0
483,W285,GCTTAATTT,Tropical Japonica,134.6,24.48
484,W286,GCCGTTCTC,Aus,154.8,31.4
485,W287,GCCGTTCTC,Aus,150.2,40.88
486,W288,GCTGAATTC,Tropical Japonica,144.2,26.15
487,W289,GCTGTATTT,Indica II,104.4,31.8
488,W290,GCTGTACCT,Temperate Japonica,116.4,39.86
489,W291,GCTTTTTTT,Indica II,96.6,-9.0
490,W292,GCCGTTCTC,Aus,164.2,38.98
491,W293,GCTTTATTT,Indica II,83.4,41.4
492,W294,GCTTTATTT,Intermediate,118.8,-9.0
493,W295,GCTTTATTT,Indica II,99.6,47.32
494,W296,GCCTTTCTC,Aus,138.8,34.9
495,W297,GCCTTTCTC,Aus,161.2,24.91
496,W298,GCTTTTTTT,Indica II,95.2,39.21
497,W299,GCTGTTTTT,Indica Intermediate,90.8,36.96
498,W300,GCTTTATTT,Tropical Japonica,107.2,29.13
499,W301,GCTGTATTT,Indica II,95.6,38.48
500,W302,GCTGTACTT,Tropical Japonica,166.8,46.07
501,W303,GCTGAATTT,Tropical Japonica,157.8,32.36
502,W304,GCTGTTTTT,Intermediate,95.8,25.07
503,W305,ACTGTACTT,Temperate Japonica,74.0,22.28
504,W306,GCTGTTCCC,VI/Aromatic,129.6,28.41
505,W307,GCTTTATTT,Indica II,101.0,-9.0
506,W308,GCTTTATTT,Indica II,109.4,30.02
507,W309,GCTTTATTT,Indica II,112.2,50.16
508,W310,GCCGTATTT,Indica Intermediate,111.2,54.69
509,W311,GCTGTATTT,Indica II,100.6,53.65
510,W312,GCTTTATTT,Indica II,111.6,55.13
511,W313,GCTTTACTT,Indica II,110.4,42.46
512,W314,GCCGTATTC,Indica II,111.2,45.76
513,W315,GCTTTATTT,Indica II,102.0,29.4
514,W316,GCTGTATTT,Indica II,99.0,37.4
515,W317,GCTTTATTT,Indica II,110.4,42.61
516,W318,GCTGTATTT,Indica I,139.3,61.22
517,W319,GCTGAACCC,Temperate Japonica,174.2,12.88
518,W320,GCCTTTTTC,Indica Intermediate,177.2,13.07
519,W321,GCTGTTTTT,Indica III,160.6,30.24
520,W322,GCTGTATTT,Indica Intermediate,109.0,36.91
521,W323,ACTGTACTC,Japonica Intermediate,136.4,19.09
522,W324,GCTGTACTC,Japonica Intermediate,156.0,20.18
523,W325,GCTGAACTC,Temperate Japonica,135.8,10.7
524,W326,GCTGTACTC,Japonica Intermediate,155.4,24.96
525,W327,ACTGTACTC,Temperate Japonica,89.8,35.33
526,W328,ACTGTACTT,Intermediate,117.4,7.69
527,W329,GCTGTATTC,Tropical Japonica,147.4,34.71
528,W330,GCCTTTCCC,Aus,149.6,33.92
